SET FOREIGN_KEY_CHECKS = 0;

-- 1) Users (100명)
INSERT INTO users (user_id, username) VALUES
  (1, 'user1'),
  (2, 'user2'),
  (3, 'user3'),
  (4, 'user4'),
  (5, 'user5'),
  (6, 'user6'),
  (7, 'user7'),
  (8, 'user8'),
  (9, 'user9'),
  (10, 'user10'),
  (11, 'user11'),
  (12, 'user12'),
  (13, 'user13'),
  (14, 'user14'),
  (15, 'user15'),
  (16, 'user16'),
  (17, 'user17'),
  (18, 'user18'),
  (19, 'user19'),
  (20, 'user20'),
  (21, 'user21'),
  (22, 'user22'),
  (23, 'user23'),
  (24, 'user24'),
  (25, 'user25'),
  (26, 'user26'),
  (27, 'user27'),
  (28, 'user28'),
  (29, 'user29'),
  (30, 'user30'),
  (31, 'user31'),
  (32, 'user32'),
  (33, 'user33'),
  (34, 'user34'),
  (35, 'user35'),
  (36, 'user36'),
  (37, 'user37'),
  (38, 'user38'),
  (39, 'user39'),
  (40, 'user40'),
  (41, 'user41'),
  (42, 'user42'),
  (43, 'user43'),
  (44, 'user44'),
  (45, 'user45'),
  (46, 'user46'),
  (47, 'user47'),
  (48, 'user48'),
  (49, 'user49'),
  (50, 'user50'),
  (51, 'user51'),
  (52, 'user52'),
  (53, 'user53'),
  (54, 'user54'),
  (55, 'user55'),
  (56, 'user56'),
  (57, 'user57'),
  (58, 'user58'),
  (59, 'user59'),
  (60, 'user60'),
  (61, 'user61'),
  (62, 'user62'),
  (63, 'user63'),
  (64, 'user64'),
  (65, 'user65'),
  (66, 'user66'),
  (67, 'user67'),
  (68, 'user68'),
  (69, 'user69'),
  (70, 'user70'),
  (71, 'user71'),
  (72, 'user72'),
  (73, 'user73'),
  (74, 'user74'),
  (75, 'user75'),
  (76, 'user76'),
  (77, 'user77'),
  (78, 'user78'),
  (79, 'user79'),
  (80, 'user80'),
  (81, 'user81'),
  (82, 'user82'),
  (83, 'user83'),
  (84, 'user84'),
  (85, 'user85'),
  (86, 'user86'),
  (87, 'user87'),
  (88, 'user88'),
  (89, 'user89'),
  (90, 'user90'),
  (91, 'user91'),
  (92, 'user92'),
  (93, 'user93'),
  (94, 'user94'),
  (95, 'user95'),
  (96, 'user96'),
  (97, 'user97'),
  (98, 'user98'),
  (99, 'user99'),
  (100, 'user100');

-- 2) Points (잔고 10000)
INSERT INTO points (point_id, user_id, balance) VALUES
    (1, 1, 10000.00),
    (2, 2, 10000.00),
    (3, 3, 10000.00),
    (4, 4, 10000.00),
    (5, 5, 10000.00),
    (6, 6, 10000.00),
    (7, 7, 10000.00),
    (8, 8, 10000.00),
    (9, 9, 10000.00),
    (10, 10, 10000.00),
    (11, 11, 10000.00),
    (12, 12, 10000.00),
    (13, 13, 10000.00),
    (14, 14, 10000.00),
    (15, 15, 10000.00),
    (16, 16, 10000.00),
    (17, 17, 10000.00),
    (18, 18, 10000.00),
    (19, 19, 10000.00),
    (20, 20, 10000.00),
    (21, 21, 10000.00),
    (22, 22, 10000.00),
    (23, 23, 10000.00),
    (24, 24, 10000.00),
    (25, 25, 10000.00),
    (26, 26, 10000.00),
    (27, 27, 10000.00),
    (28, 28, 10000.00),
    (29, 29, 10000.00),
    (30, 30, 10000.00),
    (31, 31, 10000.00),
    (32, 32, 10000.00),
    (33, 33, 10000.00),
    (34, 34, 10000.00),
    (35, 35, 10000.00),
    (36, 36, 10000.00),
    (37, 37, 10000.00),
    (38, 38, 10000.00),
    (39, 39, 10000.00),
    (40, 40, 10000.00),
    (41, 41, 10000.00),
    (42, 42, 10000.00),
    (43, 43, 10000.00),
    (44, 44, 10000.00),
    (45, 45, 10000.00),
    (46, 46, 10000.00),
    (47, 47, 10000.00),
    (48, 48, 10000.00),
    (49, 49, 10000.00),
    (50, 50, 10000.00),
    (51, 51, 10000.00),
    (52, 52, 10000.00),
    (53, 53, 10000.00),
    (54, 54, 10000.00),
    (55, 55, 10000.00),
    (56, 56, 10000.00),
    (57, 57, 10000.00),
    (58, 58, 10000.00),
    (59, 59, 10000.00),
    (60, 60, 10000.00),
    (61, 61, 10000.00),
    (62, 62, 10000.00),
    (63, 63, 10000.00),
    (64, 64, 10000.00),
    (65, 65, 10000.00),
    (66, 66, 10000.00),
    (67, 67, 10000.00),
    (68, 68, 10000.00),
    (69, 69, 10000.00),
    (70, 70, 10000.00),
    (71, 71, 10000.00),
    (72, 72, 10000.00),
    (73, 73, 10000.00),
    (74, 74, 10000.00),
    (75, 75, 10000.00),
    (76, 76, 10000.00),
    (77, 77, 10000.00),
    (78, 78, 10000.00),
    (79, 79, 10000.00),
    (80, 80, 10000.00),
    (81, 81, 10000.00),
    (82, 82, 10000.00),
    (83, 83, 10000.00),
    (84, 84, 10000.00),
    (85, 85, 10000.00),
    (86, 86, 10000.00),
    (87, 87, 10000.00),
    (88, 88, 10000.00),
    (89, 89, 10000.00),
    (90, 90, 10000.00),
    (91, 91, 10000.00),
    (92, 92, 10000.00),
    (93, 93, 10000.00),
    (94, 94, 10000.00),
    (95, 95, 10000.00),
    (96, 96, 10000.00),
    (97, 97, 10000.00),
    (98, 98, 10000.00),
    (99, 99, 10000.00),
    (100, 100, 10000.00);

-- 3) Product
INSERT INTO product (product_id, product_name, product_price) VALUES
    (1, 'SampleProd', 100.00);

-- 4) ProductLine (재고 100개)
INSERT INTO product_line (product_line_id, product_id, product_line_name, product_line_price, product_line_type, remaining) VALUES
    (1, 1, 'Line-1', 100.00, 'TYPE', 100);

-- 5) Orders & OrderLines (각 유저별 주문 1건, qty=1)
INSERT INTO orders (order_id, order_code, user_id, total_price, order_dt, status) VALUES
  (1001, 'ORD-1',    1, 100.00, NOW(), 'O_MAKE'),
  (1002, 'ORD-2',    2, 100.00, NOW(), 'O_MAKE'),
  (1003, 'ORD-3',    3, 100.00, NOW(), 'O_MAKE'),
  (1004, 'ORD-4',    4, 100.00, NOW(), 'O_MAKE'),
  (1005, 'ORD-5',    5, 100.00, NOW(), 'O_MAKE'),
  (1006, 'ORD-6',    6, 100.00, NOW(), 'O_MAKE'),
  (1007, 'ORD-7',    7, 100.00, NOW(), 'O_MAKE'),
  (1008, 'ORD-8',    8, 100.00, NOW(), 'O_MAKE'),
  (1009, 'ORD-9',    9, 100.00, NOW(), 'O_MAKE'),
  (1010, 'ORD-10',  10, 100.00, NOW(), 'O_MAKE'),
  (1011, 'ORD-11',  11, 100.00, NOW(), 'O_MAKE'),
  (1012, 'ORD-12',  12, 100.00, NOW(), 'O_MAKE'),
  (1013, 'ORD-13',  13, 100.00, NOW(), 'O_MAKE'),
  (1014, 'ORD-14',  14, 100.00, NOW(), 'O_MAKE'),
  (1015, 'ORD-15',  15, 100.00, NOW(), 'O_MAKE'),
  (1016, 'ORD-16',  16, 100.00, NOW(), 'O_MAKE'),
  (1017, 'ORD-17',  17, 100.00, NOW(), 'O_MAKE'),
  (1018, 'ORD-18',  18, 100.00, NOW(), 'O_MAKE'),
  (1019, 'ORD-19',  19, 100.00, NOW(), 'O_MAKE'),
  (1020, 'ORD-20',  20, 100.00, NOW(), 'O_MAKE'),
  (1021, 'ORD-21',  21, 100.00, NOW(), 'O_MAKE'),
  (1022, 'ORD-22',  22, 100.00, NOW(), 'O_MAKE'),
  (1023, 'ORD-23',  23, 100.00, NOW(), 'O_MAKE'),
  (1024, 'ORD-24',  24, 100.00, NOW(), 'O_MAKE'),
  (1025, 'ORD-25',  25, 100.00, NOW(), 'O_MAKE'),
  (1026, 'ORD-26',  26, 100.00, NOW(), 'O_MAKE'),
  (1027, 'ORD-27',  27, 100.00, NOW(), 'O_MAKE'),
  (1028, 'ORD-28',  28, 100.00, NOW(), 'O_MAKE'),
  (1029, 'ORD-29',  29, 100.00, NOW(), 'O_MAKE'),
  (1030, 'ORD-30',  30, 100.00, NOW(), 'O_MAKE'),
  (1031, 'ORD-31',  31, 100.00, NOW(), 'O_MAKE'),
  (1032, 'ORD-32',  32, 100.00, NOW(), 'O_MAKE'),
  (1033, 'ORD-33',  33, 100.00, NOW(), 'O_MAKE'),
  (1034, 'ORD-34',  34, 100.00, NOW(), 'O_MAKE'),
  (1035, 'ORD-35',  35, 100.00, NOW(), 'O_MAKE'),
  (1036, 'ORD-36',  36, 100.00, NOW(), 'O_MAKE'),
  (1037, 'ORD-37',  37, 100.00, NOW(), 'O_MAKE'),
  (1038, 'ORD-38',  38, 100.00, NOW(), 'O_MAKE'),
  (1039, 'ORD-39',  39, 100.00, NOW(), 'O_MAKE'),
  (1040, 'ORD-40',  40, 100.00, NOW(), 'O_MAKE'),
  (1041, 'ORD-41',  41, 100.00, NOW(), 'O_MAKE'),
  (1042, 'ORD-42',  42, 100.00, NOW(), 'O_MAKE'),
  (1043, 'ORD-43',  43, 100.00, NOW(), 'O_MAKE'),
  (1044, 'ORD-44',  44, 100.00, NOW(), 'O_MAKE'),
  (1045, 'ORD-45',  45, 100.00, NOW(), 'O_MAKE'),
  (1046, 'ORD-46',  46, 100.00, NOW(), 'O_MAKE'),
  (1047, 'ORD-47',  47, 100.00, NOW(), 'O_MAKE'),
  (1048, 'ORD-48',  48, 100.00, NOW(), 'O_MAKE'),
  (1049, 'ORD-49',  49, 100.00, NOW(), 'O_MAKE'),
  (1050, 'ORD-50',  50, 100.00, NOW(), 'O_MAKE'),
  (1051, 'ORD-51',  51, 100.00, NOW(), 'O_MAKE'),
  (1052, 'ORD-52',  52, 100.00, NOW(), 'O_MAKE'),
  (1053, 'ORD-53',  53, 100.00, NOW(), 'O_MAKE'),
  (1054, 'ORD-54',  54, 100.00, NOW(), 'O_MAKE'),
  (1055, 'ORD-55',  55, 100.00, NOW(), 'O_MAKE'),
  (1056, 'ORD-56',  56, 100.00, NOW(), 'O_MAKE'),
  (1057, 'ORD-57',  57, 100.00, NOW(), 'O_MAKE'),
  (1058, 'ORD-58',  58, 100.00, NOW(), 'O_MAKE'),
  (1059, 'ORD-59',  59, 100.00, NOW(), 'O_MAKE'),
  (1060, 'ORD-60',  60, 100.00, NOW(), 'O_MAKE'),
  (1061, 'ORD-61',  61, 100.00, NOW(), 'O_MAKE'),
  (1062, 'ORD-62',  62, 100.00, NOW(), 'O_MAKE'),
  (1063, 'ORD-63',  63, 100.00, NOW(), 'O_MAKE'),
  (1064, 'ORD-64',  64, 100.00, NOW(), 'O_MAKE'),
  (1065, 'ORD-65',  65, 100.00, NOW(), 'O_MAKE'),
  (1066, 'ORD-66',  66, 100.00, NOW(), 'O_MAKE'),
  (1067, 'ORD-67',  67, 100.00, NOW(), 'O_MAKE'),
  (1068, 'ORD-68',  68, 100.00, NOW(), 'O_MAKE'),
  (1069, 'ORD-69',  69, 100.00, NOW(), 'O_MAKE'),
  (1070, 'ORD-70',  70, 100.00, NOW(), 'O_MAKE'),
  (1071, 'ORD-71',  71, 100.00, NOW(), 'O_MAKE'),
  (1072, 'ORD-72',  72, 100.00, NOW(), 'O_MAKE'),
  (1073, 'ORD-73',  73, 100.00, NOW(), 'O_MAKE'),
  (1074, 'ORD-74',  74, 100.00, NOW(), 'O_MAKE'),
  (1075, 'ORD-75',  75, 100.00, NOW(), 'O_MAKE'),
  (1076, 'ORD-76',  76, 100.00, NOW(), 'O_MAKE'),
  (1077, 'ORD-77',  77, 100.00, NOW(), 'O_MAKE'),
  (1078, 'ORD-78',  78, 100.00, NOW(), 'O_MAKE'),
  (1079, 'ORD-79',  79, 100.00, NOW(), 'O_MAKE'),
  (1080, 'ORD-80',  80, 100.00, NOW(), 'O_MAKE'),
  (1081, 'ORD-81',  81, 100.00, NOW(), 'O_MAKE'),
  (1082, 'ORD-82',  82, 100.00, NOW(), 'O_MAKE'),
  (1083, 'ORD-83',  83, 100.00, NOW(), 'O_MAKE'),
  (1084, 'ORD-84',  84, 100.00, NOW(), 'O_MAKE'),
  (1085, 'ORD-85',  85, 100.00, NOW(), 'O_MAKE'),
  (1086, 'ORD-86',  86, 100.00, NOW(), 'O_MAKE'),
  (1087, 'ORD-87',  87, 100.00, NOW(), 'O_MAKE'),
  (1088, 'ORD-88',  88, 100.00, NOW(), 'O_MAKE'),
  (1089, 'ORD-89',  89, 100.00, NOW(), 'O_MAKE'),
  (1090, 'ORD-90',  90, 100.00, NOW(), 'O_MAKE'),
  (1091, 'ORD-91',  91, 100.00, NOW(), 'O_MAKE'),
  (1092, 'ORD-92',  92, 100.00, NOW(), 'O_MAKE'),
  (1093, 'ORD-93',  93, 100.00, NOW(), 'O_MAKE'),
  (1094, 'ORD-94',  94, 100.00, NOW(), 'O_MAKE'),
  (1095, 'ORD-95',  95, 100.00, NOW(), 'O_MAKE'),
  (1096, 'ORD-96',  96, 100.00, NOW(), 'O_MAKE'),
  (1097, 'ORD-97',  97, 100.00, NOW(), 'O_MAKE'),
  (1098, 'ORD-98',  98, 100.00, NOW(), 'O_MAKE'),
  (1099, 'ORD-99',  99, 100.00, NOW(), 'O_MAKE'),
  (1100, 'ORD-100',100, 100.00, NOW(), 'O_MAKE');

INSERT INTO order_lines (order_line_id, order_id, user_id, product_line_id, order_line_price, quantity, status, order_dt) VALUES
  (2001, 1001,  1, 1, 100.00, 1, 'O_MAKE', NOW()),
  (2002, 1002,  2, 1, 100.00, 1, 'O_MAKE', NOW()),
  (2003, 1003,  3, 1, 100.00, 1, 'O_MAKE', NOW()),
  (2004, 1004,  4, 1, 100.00, 1, 'O_MAKE', NOW()),
  (2005, 1005,  5, 1, 100.00, 1, 'O_MAKE', NOW()),
  (2006, 1006,  6, 1, 100.00, 1, 'O_MAKE', NOW()),
  (2007, 1007,  7, 1, 100.00, 1, 'O_MAKE', NOW()),
  (2008, 1008,  8, 1, 100.00, 1, 'O_MAKE', NOW()),
  (2009, 1009,  9, 1, 100.00, 1, 'O_MAKE', NOW()),
  (2010, 1010, 10, 1, 100.00, 1, 'O_MAKE', NOW()),
  (2011, 1011, 11, 1, 100.00, 1, 'O_MAKE', NOW()),
  (2012, 1012, 12, 1, 100.00, 1, 'O_MAKE', NOW()),
  (2013, 1013, 13, 1, 100.00, 1, 'O_MAKE', NOW()),
  (2014, 1014, 14, 1, 100.00, 1, 'O_MAKE', NOW()),
  (2015, 1015, 15, 1, 100.00, 1, 'O_MAKE', NOW()),
  (2016, 1016, 16, 1, 100.00, 1, 'O_MAKE', NOW()),
  (2017, 1017, 17, 1, 100.00, 1, 'O_MAKE', NOW()),
  (2018, 1018, 18, 1, 100.00, 1, 'O_MAKE', NOW()),
  (2019, 1019, 19, 1, 100.00, 1, 'O_MAKE', NOW()),
  (2020, 1020, 20, 1, 100.00, 1, 'O_MAKE', NOW()),
  (2021, 1021, 21, 1, 100.00, 1, 'O_MAKE', NOW()),
  (2022, 1022, 22, 1, 100.00, 1, 'O_MAKE', NOW()),
  (2023, 1023, 23, 1, 100.00, 1, 'O_MAKE', NOW()),
  (2024, 1024, 24, 1, 100.00, 1, 'O_MAKE', NOW()),
  (2025, 1025, 25, 1, 100.00, 1, 'O_MAKE', NOW()),
  (2026, 1026, 26, 1, 100.00, 1, 'O_MAKE', NOW()),
  (2027, 1027, 27, 1, 100.00, 1, 'O_MAKE', NOW()),
  (2028, 1028, 28, 1, 100.00, 1, 'O_MAKE', NOW()),
  (2029, 1029, 29, 1, 100.00, 1, 'O_MAKE', NOW()),
  (2030, 1030, 30, 1, 100.00, 1, 'O_MAKE', NOW()),
  (2031, 1031, 31, 1, 100.00, 1, 'O_MAKE', NOW()),
  (2032, 1032, 32, 1, 100.00, 1, 'O_MAKE', NOW()),
  (2033, 1033, 33, 1, 100.00, 1, 'O_MAKE', NOW()),
  (2034, 1034, 34, 1, 100.00, 1, 'O_MAKE', NOW()),
  (2035, 1035, 35, 1, 100.00, 1, 'O_MAKE', NOW()),
  (2036, 1036, 36, 1, 100.00, 1, 'O_MAKE', NOW()),
  (2037, 1037, 37, 1, 100.00, 1, 'O_MAKE', NOW()),
  (2038, 1038, 38, 1, 100.00, 1, 'O_MAKE', NOW()),
  (2039, 1039, 39, 1, 100.00, 1, 'O_MAKE', NOW()),
  (2040, 1040, 40, 1, 100.00, 1, 'O_MAKE', NOW()),
  (2041, 1041, 41, 1, 100.00, 1, 'O_MAKE', NOW()),
  (2042, 1042, 42, 1, 100.00, 1, 'O_MAKE', NOW()),
  (2043, 1043, 43, 1, 100.00, 1, 'O_MAKE', NOW()),
  (2044, 1044, 44, 1, 100.00, 1, 'O_MAKE', NOW()),
  (2045, 1045, 45, 1, 100.00, 1, 'O_MAKE', NOW()),
  (2046, 1046, 46, 1, 100.00, 1, 'O_MAKE', NOW()),
  (2047, 1047, 47, 1, 100.00, 1, 'O_MAKE', NOW()),
  (2048, 1048, 48, 1, 100.00, 1, 'O_MAKE', NOW()),
  (2049, 1049, 49, 1, 100.00, 1, 'O_MAKE', NOW()),
  (2050, 1050, 50, 1, 100.00, 1, 'O_MAKE', NOW()),
  (2051, 1051, 51, 1, 100.00, 1, 'O_MAKE', NOW()),
  (2052, 1052, 52, 1, 100.00, 1, 'O_MAKE', NOW()),
  (2053, 1053, 53, 1, 100.00, 1, 'O_MAKE', NOW()),
  (2054, 1054, 54, 1, 100.00, 1, 'O_MAKE', NOW()),
  (2055, 1055, 55, 1, 100.00, 1, 'O_MAKE', NOW()),
  (2056, 1056, 56, 1, 100.00, 1, 'O_MAKE', NOW()),
  (2057, 1057, 57, 1, 100.00, 1, 'O_MAKE', NOW()),
  (2058, 1058, 58, 1, 100.00, 1, 'O_MAKE', NOW()),
  (2059, 1059, 59, 1, 100.00, 1, 'O_MAKE', NOW()),
  (2060, 1060, 60, 1, 100.00, 1, 'O_MAKE', NOW()),
  (2061, 1061, 61, 1, 100.00, 1, 'O_MAKE', NOW()),
  (2062, 1062, 62, 1, 100.00, 1, 'O_MAKE', NOW()),
  (2063, 1063, 63, 1, 100.00, 1, 'O_MAKE', NOW()),
  (2064, 1064, 64, 1, 100.00, 1, 'O_MAKE', NOW()),
  (2065, 1065, 65, 1, 100.00, 1, 'O_MAKE', NOW()),
  (2066, 1066, 66, 1, 100.00, 1, 'O_MAKE', NOW()),
  (2067, 1067, 67, 1, 100.00, 1, 'O_MAKE', NOW()),
  (2068, 1068, 68, 1, 100.00, 1, 'O_MAKE', NOW()),
  (2069, 1069, 69, 1, 100.00, 1, 'O_MAKE', NOW()),
  (2070, 1070, 70, 1, 100.00, 1, 'O_MAKE', NOW()),
  (2071, 1071, 71, 1, 100.00, 1, 'O_MAKE', NOW()),
  (2072, 1072, 72, 1, 100.00, 1, 'O_MAKE', NOW()),
  (2073, 1073, 73, 1, 100.00, 1, 'O_MAKE', NOW()),
  (2074, 1074, 74, 1, 100.00, 1, 'O_MAKE', NOW()),
  (2075, 1075, 75, 1, 100.00, 1, 'O_MAKE', NOW()),
  (2076, 1076, 76, 1, 100.00, 1, 'O_MAKE', NOW()),
  (2077, 1077, 77, 1, 100.00, 1, 'O_MAKE', NOW()),
  (2078, 1078, 78, 1, 100.00, 1, 'O_MAKE', NOW()),
  (2079, 1079, 79, 1, 100.00, 1, 'O_MAKE', NOW()),
  (2080, 1080, 80, 1, 100.00, 1, 'O_MAKE', NOW()),
  (2081, 1081, 81, 1, 100.00, 1, 'O_MAKE', NOW()),
  (2082, 1082, 82, 1, 100.00, 1, 'O_MAKE', NOW()),
  (2083, 1083, 83, 1, 100.00, 1, 'O_MAKE', NOW()),
  (2084, 1084, 84, 1, 100.00, 1, 'O_MAKE', NOW()),
  (2085, 1085, 85, 1, 100.00, 1, 'O_MAKE', NOW()),
  (2086, 1086, 86, 1, 100.00, 1, 'O_MAKE', NOW()),
  (2087, 1087, 87, 1, 100.00, 1, 'O_MAKE', NOW()),
  (2088, 1088, 88, 1, 100.00, 1, 'O_MAKE', NOW()),
  (2089, 1089, 89, 1, 100.00, 1, 'O_MAKE', NOW()),
  (2090, 1090, 90, 1, 100.00, 1, 'O_MAKE', NOW()),
  (2091, 1091, 91, 1, 100.00, 1, 'O_MAKE', NOW()),
  (2092, 1092, 92, 1, 100.00, 1, 'O_MAKE', NOW()),
  (2093, 1093, 93, 1, 100.00, 1, 'O_MAKE', NOW()),
  (2094, 1094, 94, 1, 100.00, 1, 'O_MAKE', NOW()),
  (2095, 1095, 95, 1, 100.00, 1, 'O_MAKE', NOW()),
  (2096, 1096, 96, 1, 100.00, 1, 'O_MAKE', NOW()),
  (2097, 1097, 97, 1, 100.00, 1, 'O_MAKE', NOW()),
  (2098, 1098, 98, 1, 100.00, 1, 'O_MAKE', NOW()),
  (2099, 1099, 99, 1, 100.00, 1, 'O_MAKE', NOW()),
  (2100, 1100,100, 1, 100.00, 1, 'O_MAKE', NOW());

SET FOREIGN_KEY_CHECKS = 1;
